Model,Accuracy,Precision,Recall,F1,AUC
MultinomialNB,0.8775862068965518,0.6553664021164021,0.5836676270250077,0.5922200657205913,0.7349485631214266
