Model,Accuracy,Precision,Recall,F1,AUC
GaussianNB,0.503448275862069,0.5644955185988672,0.6298058396879151,0.43091759199982055,0.7214085112153231
