Model,Accuracy,Precision,Recall,F1,AUC
LinearSVC,0.8965517241379309,0.49820024198427093,0.5083333333333334,0.48685612032634706,0.5
