Model,Accuracy,Precision,Recall,F1,AUC
KNeighborsClassifier,0.8793103448275863,0.47237166191340413,0.5004550894700729,0.4820260187619147,0.7044773134822385
