Model,Accuracy,Precision,Recall,F1,AUC
XGBoost,0.8775862068965516,0.5479905790250619,0.5036569923889569,0.49295309179215546,0.6693792526686535
