Model,Accuracy,Precision,Recall,F1,AUC
RandomForest,0.8965517241379309,0.49813974591651533,0.505,0.4816588872322817,0.6771811526174735
