Model,Accuracy,Precision,Recall,F1,AUC
LightGBM,0.8741379310344828,0.5924260797672347,0.5333564323568485,0.532740673542354,0.6968753421784777
