Model,Accuracy,Precision,Recall,F1,AUC
SGDClassifier,0.8982758620689655,0.49901477832512314,0.5166666666666666,0.49801213217043233,0.5
