Model,Accuracy,Precision,Recall,F1,AUC
RandomForest,0.8948275862068964,0.4474137931034482,0.5,0.4721367112950114,0.7079733522581747
