Model,Accuracy,Precision,Recall,F1,AUC
GaussianNB,0.6009615384615385,0.6147010902067144,0.7524714886261299,0.5441777895640351,0.8876058467444604
