Model,Accuracy,Precision,Recall,F1,AUC
MultinomialNB,0.8903846153846153,0.767247142505296,0.7094426783031018,0.7306975420277456,0.8805338149666417
