Model,Accuracy,Precision,Recall,F1,AUC
KNeighborsClassifier,0.8807692307692306,0.7244226055713018,0.6353166890520658,0.6592671500834572,0.8483482456672032
