Model,Accuracy,Precision,Recall,F1,AUC
RandomForest,0.8692307692307691,0.5856688119609308,0.5101544289044289,0.486823747195191,0.8794889540613999
