Model,Accuracy,Precision,Recall,F1,AUC
LinearSVC,0.8721153846153845,0.5858943241224794,0.5118589743589743,0.48767751774722556,0.5
