Model,Accuracy,Precision,Recall,F1,AUC
SGDClassifier,0.8692307692307694,0.4346153846153847,0.5,0.4649776844435631,0.5
