Model,Accuracy,Precision,Recall,F1,AUC
XGBoost,0.8971153846153846,0.8072397452460951,0.6694173708771616,0.7045023310210439,0.8519916894208581
