Model,Accuracy,Precision,Recall,F1,AUC
RandomForest,0.8663461538461539,0.5520857709930813,0.5071334915084915,0.4830481176508231,0.8747800694071136
