Model,Accuracy,Precision,Recall,F1,AUC
LogisticRegression,0.8701923076923077,0.485040141896938,0.5038461538461538,0.4723610914145989,0.9039079009999563
