Model,Accuracy,Precision,Recall,F1,AUC
LightGBM,0.8740384615384615,0.7056830859960519,0.5955197452031558,0.6153744930723215,0.767408432686112
