Model,Accuracy,Precision,Recall,F1,AUC
GaussianNB,0.5432835820895522,0.6255234687694406,0.6889095704121642,0.5257865157999028,0.8433907353141482
