Model,Accuracy,Precision,Recall,F1,AUC
MultinomialNB,0.8619402985074627,0.7891480996700044,0.7416962111867342,0.7564729952479399,0.8376853763535046
