Model,Accuracy,Precision,Recall,F1,AUC
SGDClassifier,0.8149253731343284,0.4764848863740757,0.5530854449025095,0.5104274283834558,0.5
