Model,Accuracy,Precision,Recall,F1,AUC
LightGBM,0.8559701492537313,0.7843943255590268,0.7207271904719412,0.7412692423947237,0.8822505002987306
