Model,Accuracy,Precision,Recall,F1,AUC
SGDClassifier,0.8164179104477614,0.4769210692886561,0.5527679111572034,0.510214353432201,0.5
