Model,Accuracy,Precision,Recall,F1,AUC
RandomForest,0.8238805970149254,0.8121670246651359,0.5633252706893102,0.560929439020564,0.9093358870799874
