Model,Accuracy,Precision,Recall,F1,AUC
RandomForest,0.8231343283582089,0.7605627113343295,0.5618426478206906,0.556137821968398,0.9110979440637739
