Model,Accuracy,Precision,Recall,F1,AUC
KNeighborsClassifier,0.8156716417910449,0.7272070272777549,0.563326023567297,0.5652434189861507,0.740178015501228
