Model,Accuracy,Precision,Recall,F1,AUC
LogisticRegression,0.8664179104477612,0.8144648590830487,0.726347036398975,0.7492167245982412,0.9131593945556855
