Model,Accuracy,Precision,Recall,F1,AUC
XGBoost,0.8664179104477612,0.7961715622197632,0.7525717398814271,0.7678139632793486,0.9002166232288655
