Model,Accuracy,Precision,Recall,F1,AUC
LinearSVC,0.8388059701492537,0.7812736336244404,0.6360908551145563,0.6471234824137457,0.5
