Model,Accuracy,Precision,Recall,F1,AUC
LogisticRegression,0.8794701986754966,0.6678664486503966,0.5436632313918361,0.5402223471247118,0.8604529013957197
