Model,Accuracy,Precision,Recall,F1,AUC
MultinomialNB,0.8589403973509933,0.652981199052613,0.5916146980865439,0.6056614939641819,0.8322513442251879
