Model,Accuracy,Precision,Recall,F1,AUC
XGBoost,0.8834437086092715,0.7635551626124795,0.617534264179107,0.6459201237643548,0.8273582776211033
