Model,Accuracy,Precision,Recall,F1,AUC
RandomForest,0.8735099337748343,0.5874065810332311,0.5125086805004051,0.49099864043529945,0.8090770877233913
