Model,Accuracy,Precision,Recall,F1,AUC
LightGBM,0.880794701986755,0.7410944347658053,0.6136251189266975,0.6402007619274828,0.8470057260586771
