Model,Accuracy,Precision,Recall,F1,AUC
SGDClassifier,0.8675496688741722,0.5142088925820112,0.5563830899618548,0.5300731580285333,0.5
