Model,Accuracy,Precision,Recall,F1,AUC
KNeighborsClassifier,0.8701986754966887,0.6632121424040577,0.5397847771013404,0.5402231052933562,0.7493358188853243
