Model,Accuracy,Precision,Recall,F1,AUC
RandomForest,0.8748344370860925,0.612788829053063,0.5176981355326072,0.4981127031118854,0.809014452737782
