Model,Accuracy,Precision,Recall,F1,AUC
LinearSVC,0.8721854304635761,0.43609271523178805,0.5,0.4657514599563203,0.5
