Model,Accuracy,Precision,Recall,F1,AUC
GaussianNB,0.6271523178807946,0.6089483117707724,0.7468111086714557,0.5558525414300183,0.8275068448193764
