Model,Accuracy,Precision,Recall,F1,AUC
GaussianNB,0.5597315436241612,0.6364580058132561,0.7225746598144096,0.5382592848812191,0.8796611412948924
