Model,Accuracy,Precision,Recall,F1,AUC
RandomForest,0.8469798657718121,0.8490971255987109,0.5808448980174626,0.5967510492074065,0.9047810470421052
