Model,Accuracy,Precision,Recall,F1,AUC
RandomForest,0.8486577181208055,0.8389501361833112,0.5884112680153291,0.6078114608309885,0.9064649279594912
