Model,Accuracy,Precision,Recall,F1,AUC
MultinomialNB,0.8416107382550335,0.8008404982744279,0.5757291506154723,0.5884392682386794,0.8875647044297151
