Model,Accuracy,Precision,Recall,F1,AUC
SGDClassifier,0.8288590604026845,0.4514965843720038,0.5253187613843352,0.4839846172933921,0.5
