Model,Accuracy,Precision,Recall,F1,AUC
XGBoost,0.9003355704697986,0.8497517963102463,0.7898716071920097,0.8134904535338302,0.9264507888974471
