Model,Accuracy,Precision,Recall,F1,AUC
LightGBM,0.9050335570469799,0.8651420603206006,0.7884019183782673,0.818249679475516,0.9318152964643162
