Model,Accuracy,Precision,Recall,F1,AUC
LinearSVC,0.8721476510067114,0.8776034063408098,0.6626238411656693,0.7022535708532255,0.5
