Model,Accuracy,Precision,Recall,F1,AUC
LogisticRegression,0.878523489932886,0.8820668776180985,0.6839846655828746,0.7244121544807186,0.9284927450225231
