Model,Accuracy,Precision,Recall,F1,AUC
KNeighborsClassifier,0.8305369127516778,0.7093970514492648,0.5850891510456886,0.6007327017488309,0.7976089006658361
