Model,Accuracy,Precision,Recall,F1,AUC
SGDClassifier,0.8291946308724834,0.454580719183733,0.522639647844566,0.482781560815737,0.5
